State,Year,Grade,Population,Date,Killed_(includes_shooter),Wounded,Total_Injured_Killed_Victims,Number_of_Shots_Fired
AK,1982,0,0,1.0,0.0,1.0,1.0,1.0
AK,1987,0,0,1.0,1.0,0.0,1.0,1.0
AK,1997,0,0,1.0,2.0,2.0,4.0,0.0
AK,2000,0,0,1.0,0.0,0.0,0.0,1.0
AK,2005,0,0,1.0,0.0,0.0,0.0,0.0
AK,2010,0,714015,0.0,0.0,0.0,0.0,0.0
AK,2011,0,722259,0.0,0.0,0.0,0.0,0.0
AK,2012,F,730825,1.0,0.0,1.0,1.0,0.0
AK,2013,F,736760,0.0,0.0,0.0,0.0,0.0
AK,2014,F,736759,0.0,0.0,0.0,0.0,0.0
AK,2015,F,737979,1.0,0.0,2.0,2.0,0.0
AK,2016,F,741522,1.0,0.0,1.0,1.0,1.0
AK,2017,F,739795,0.0,0.0,0.0,0.0,0.0
AK,2018,F,"737,438",1.0,0.0,1.0,1.0,1.0
AL,1973,0,0,1.0,0.0,1.0,1.0,1.0
AL,1978,0,0,1.0,0.0,1.0,1.0,1.0
AL,1980,0,0,4.0,2.0,3.0,5.0,3.0
AL,1982,0,0,1.0,1.0,0.0,1.0,1.0
AL,1985,0,0,1.0,1.0,1.0,2.0,1.0
AL,1988,0,0,2.0,0.0,1.0,1.0,1.0
AL,1991,0,0,1.0,0.0,2.0,2.0,1.0
AL,1992,0,0,2.0,1.0,1.0,2.0,2.0
AL,1994,0,0,1.0,0.0,1.0,1.0,0.0
AL,1995,0,0,1.0,0.0,1.0,1.0,0.0
AL,1996,0,0,1.0,1.0,0.0,1.0,0.0
AL,2004,0,0,2.0,0.0,2.0,2.0,2.0
AL,2006,0,0,2.0,0.0,2.0,2.0,0.0
AL,2008,0,0,2.0,1.0,1.0,2.0,2.0
AL,2010,0,4785579,2.0,1.0,1.0,2.0,1.0
AL,2011,0,4798649,0.0,0.0,0.0,0.0,0.0
AL,2012,D,4813946,1.0,0.0,0.0,0.0,0.0
AL,2013,D-,4827660,1.0,0.0,0.0,0.0,1.0
AL,2014,F,4840037,0.0,0.0,0.0,0.0,0.0
AL,2015,F,4850858,1.0,0.0,1.0,1.0,0.0
AL,2016,F,4860545,2.0,0.0,2.0,2.0,1.0
AL,2017,F,4874747,2.0,0.0,0.0,0.0,2.0
AL,2018,F,"4,887,871",3.0,1.0,2.0,3.0,1.0
AL,2019,0,0,2.0,0.0,2.0,2.0,1.0
AR,1970,0,0,1.0,1.0,5.0,6.0,0.0
AR,1974,0,0,1.0,1.0,1.0,2.0,0.0
AR,1980,0,0,1.0,1.0,0.0,1.0,1.0
AR,1981,0,0,1.0,0.0,1.0,1.0,0.0
AR,1987,0,0,1.0,0.0,1.0,1.0,1.0
AR,1996,0,0,1.0,1.0,0.0,1.0,0.0
AR,1997,0,0,1.0,0.0,2.0,2.0,0.0
AR,1998,0,0,1.0,5.0,10.0,15.0,0.0
AR,2010,0,2921737,0.0,0.0,0.0,0.0,0.0
AR,2011,0,2938640,0.0,0.0,0.0,0.0,0.0
AR,2012,F,2949208,0.0,0.0,0.0,0.0,0.0
AR,2013,F,2956780,0.0,0.0,0.0,0.0,0.0
AR,2014,F,2964800,0.0,0.0,0.0,0.0,0.0
AR,2015,F,2975626,0.0,0.0,0.0,0.0,0.0
AR,2016,F,2988231,0.0,0.0,0.0,0.0,0.0
AR,2017,F,3004279,1.0,0.0,1.0,1.0,0.0
AR,2018,F,"3,013,825",1.0,0.0,0.0,0.0,1.0
AZ,1971,0,0,1.0,0.0,1.0,1.0,1.0
AZ,1976,0,0,1.0,0.0,1.0,1.0,1.0
AZ,1987,0,0,1.0,1.0,3.0,4.0,0.0
AZ,1989,0,0,1.0,1.0,0.0,1.0,1.0
AZ,1992,0,0,1.0,1.0,0.0,1.0,0.0
AZ,2000,0,0,3.0,2.0,1.0,3.0,3.0
AZ,2010,0,6407002,0.0,0.0,0.0,0.0,0.0
AZ,2011,0,6465488,0.0,0.0,0.0,0.0,0.0
AZ,2012,F,6544211,0.0,0.0,0.0,0.0,0.0
AZ,2013,F,6616124,0.0,0.0,0.0,0.0,0.0
AZ,2014,F,6706435,1.0,0.0,0.0,0.0,0.0
AZ,2015,F,6802262,1.0,1.0,0.0,1.0,1.0
AZ,2016,F,6908642,1.0,2.0,0.0,2.0,1.0
AZ,2017,F,7016270,0.0,0.0,0.0,0.0,0.0
AZ,2018,F,"7,171,646",1.0,1.0,0.0,1.0,1.0
CA,1970,0,0,1.0,0.0,2.0,2.0,0.0
CA,1971,0,0,1.0,0.0,4.0,4.0,0.0
CA,1972,0,0,2.0,0.0,6.0,6.0,2.0
CA,1973,0,0,4.0,1.0,8.0,9.0,4.0
CA,1974,0,0,5.0,4.0,3.0,7.0,2.0
CA,1975,0,0,1.0,0.0,1.0,1.0,1.0
CA,1977,0,0,1.0,0.0,0.0,0.0,1.0
CA,1978,0,0,1.0,0.0,1.0,1.0,1.0
CA,1979,0,0,2.0,3.0,9.0,12.0,1.0
CA,1980,0,0,1.0,0.0,10.0,10.0,1.0
CA,1981,0,0,1.0,1.0,0.0,1.0,1.0
CA,1983,0,0,2.0,0.0,6.0,6.0,0.0
CA,1984,0,0,2.0,2.0,24.0,26.0,1.0
CA,1986,0,0,4.0,3.0,2.0,5.0,1.0
CA,1987,0,0,2.0,1.0,1.0,2.0,2.0
CA,1988,0,0,1.0,0.0,0.0,0.0,1.0
CA,1989,0,0,3.0,7.0,33.0,40.0,3.0
CA,1990,0,0,1.0,1.0,1.0,2.0,0.0
CA,1991,0,0,6.0,2.0,4.0,6.0,0.0
CA,1992,0,0,5.0,4.0,18.0,22.0,3.0
CA,1993,0,0,6.0,6.0,2.0,8.0,2.0
CA,1994,0,0,7.0,5.0,4.0,9.0,3.0
CA,1995,0,0,2.0,3.0,1.0,4.0,1.0
CA,1996,0,0,6.0,5.0,4.0,9.0,3.0
CA,1997,0,0,5.0,6.0,1.0,7.0,2.0
CA,1998,0,0,6.0,4.0,5.0,9.0,3.0
CA,1999,0,0,2.0,1.0,1.0,2.0,1.0
CA,2000,0,0,4.0,2.0,1.0,3.0,2.0
CA,2001,0,0,7.0,4.0,22.0,26.0,5.0
CA,2002,0,0,3.0,0.0,4.0,4.0,1.0
CA,2003,0,0,2.0,1.0,2.0,3.0,2.0
CA,2004,0,0,7.0,3.0,8.0,11.0,2.0
CA,2005,0,0,4.0,3.0,1.0,4.0,2.0
CA,2006,0,0,4.0,2.0,3.0,5.0,3.0
CA,2007,0,0,5.0,1.0,5.0,6.0,2.0
CA,2008,0,0,12.0,6.0,6.0,12.0,7.0
CA,2009,0,0,5.0,1.0,6.0,7.0,3.0
CA,2010,0,37327690,3.0,1.0,3.0,4.0,2.0
CA,2011,0,37672654,2.0,1.0,2.0,3.0,2.0
CA,2012,A-,38019006,0.0,0.0,0.0,0.0,0.0
CA,2013,A-,38347383,4.0,1.0,6.0,7.0,4.0
CA,2014,A-,38701278,1.0,0.0,1.0,1.0,0.0
CA,2015,A-,39032444,1.0,1.0,0.0,1.0,0.0
CA,2016,A,39296476,1.0,0.0,4.0,4.0,0.0
CA,2017,A,39536653,6.0,9.0,26.0,35.0,1.0
CA,2018,A,"39,557,045",6.0,0.0,9.0,9.0,5.0
CA,2019,0,0,1.0,1.0,0.0,1.0,0.0
CO,1977,0,0,1.0,0.0,1.0,1.0,1.0
CO,1982,0,0,1.0,1.0,0.0,1.0,1.0
CO,1999,0,0,1.0,15.0,21.0,36.0,1.0
CO,2000,0,0,1.0,0.0,1.0,1.0,0.0
CO,2003,0,0,1.0,0.0,0.0,0.0,1.0
CO,2005,0,0,1.0,0.0,2.0,2.0,0.0
CO,2006,0,0,1.0,2.0,0.0,2.0,0.0
CO,2008,0,0,1.0,1.0,0.0,1.0,1.0
CO,2010,0,5048029,2.0,0.0,3.0,3.0,2.0
CO,2011,0,5116411,0.0,0.0,0.0,0.0,0.0
CO,2012,D,5186330,0.0,0.0,0.0,0.0,0.0
CO,2013,C,5262556,1.0,2.0,0.0,2.0,1.0
CO,2014,C-,5342311,0.0,0.0,0.0,0.0,0.0
CO,2015,C-,5440445,0.0,0.0,0.0,0.0,0.0
CO,2016,C,5530105,3.0,2.0,1.0,3.0,3.0
CO,2017,C,5607154,1.0,0.0,3.0,3.0,0.0
CO,2018,C,"5,695,564",1.0,0.0,1.0,1.0,1.0
CO,2019,0,0,1.0,1.0,0.0,1.0,0.0
CT,1974,0,0,1.0,0.0,2.0,2.0,0.0
CT,1978,0,0,1.0,1.0,0.0,1.0,1.0
CT,1980,0,0,1.0,0.0,2.0,2.0,0.0
CT,1981,0,0,1.0,0.0,1.0,1.0,0.0
CT,1984,0,0,1.0,0.0,1.0,1.0,1.0
CT,1985,0,0,2.0,1.0,3.0,4.0,1.0
CT,1993,0,0,2.0,2.0,0.0,2.0,0.0
CT,2007,0,0,2.0,0.0,2.0,2.0,1.0
CT,2009,0,0,2.0,0.0,1.0,1.0,2.0
CT,2010,0,3580171,0.0,0.0,0.0,0.0,0.0
CT,2011,0,3591927,0.0,0.0,0.0,0.0,0.0
CT,2012,B,3597705,1.0,28.0,2.0,30.0,0.0
CT,2013,A-,3602470,0.0,0.0,0.0,0.0,0.0
CT,2014,A-,3600188,1.0,0.0,1.0,1.0,0.0
CT,2015,A-,3593862,1.0,1.0,3.0,4.0,0.0
CT,2016,A-,3587685,1.0,0.0,1.0,1.0,0.0
CT,2017,A-,3588184,0.0,0.0,0.0,0.0,0.0
CT,2018,A-,"3,572,665",0.0,0.0,0.0,0.0,0.0
DC,1970,0,0,3.0,1.0,1.0,2.0,3.0
DC,1972,0,0,1.0,1.0,0.0,1.0,1.0
DC,1980,0,0,2.0,1.0,1.0,2.0,1.0
DC,1989,0,0,1.0,0.0,4.0,4.0,1.0
DC,1993,0,0,3.0,3.0,1.0,4.0,1.0
DC,1994,0,0,4.0,2.0,0.0,2.0,2.0
DC,1995,0,0,1.0,1.0,2.0,3.0,1.0
DC,1996,0,0,2.0,2.0,0.0,2.0,0.0
DC,2003,0,0,2.0,1.0,2.0,3.0,1.0
DC,2004,0,0,1.0,1.0,1.0,2.0,0.0
DC,2006,0,0,3.0,0.0,3.0,3.0,2.0
DC,2010,0,605040,0.0,0.0,0.0,0.0,0.0
DC,2011,0,620336,0.0,0.0,0.0,0.0,0.0
DC,2012,0,635630,0.0,0.0,0.0,0.0,0.0
DC,2013,0,650114,0.0,0.0,0.0,0.0,0.0
DC,2014,0,660797,0.0,0.0,0.0,0.0,0.0
DC,2015,0,672736,0.0,0.0,0.0,0.0,0.0
DC,2016,0,684336,0.0,0.0,0.0,0.0,0.0
DC,2017,0,693972,0.0,0.0,0.0,0.0,0.0
DC,2018,0,"702,455",0.0,0.0,0.0,0.0,0.0
DE,1970,0,0,1.0,1.0,0.0,1.0,1.0
DE,1978,0,0,1.0,1.0,0.0,1.0,1.0
DE,1993,0,0,1.0,1.0,0.0,1.0,1.0
DE,2006,0,0,2.0,0.0,2.0,2.0,1.0
DE,2009,0,0,1.0,0.0,2.0,2.0,1.0
DE,2010,0,899712,0.0,0.0,0.0,0.0,0.0
DE,2011,0,907884,0.0,0.0,0.0,0.0,0.0
DE,2012,C,916868,0.0,0.0,0.0,0.0,0.0
DE,2013,B-,925114,0.0,0.0,0.0,0.0,0.0
DE,2014,B-,934805,0.0,0.0,0.0,0.0,0.0
DE,2015,B,944107,0.0,0.0,0.0,0.0,0.0
DE,2016,B,952698,1.0,0.0,0.0,0.0,1.0
DE,2017,B,961939,0.0,0.0,0.0,0.0,0.0
DE,2018,B,"967,171",1.0,1.0,0.0,1.0,0.0
FL,1970,0,0,2.0,1.0,1.0,2.0,1.0
FL,1972,0,0,1.0,0.0,1.0,1.0,0.0
FL,1974,0,0,1.0,0.0,0.0,0.0,0.0
FL,1976,0,0,2.0,0.0,5.0,5.0,1.0
FL,1977,0,0,2.0,1.0,0.0,1.0,0.0
FL,1979,0,0,1.0,0.0,1.0,1.0,1.0
FL,1980,0,0,1.0,0.0,1.0,1.0,0.0
FL,1981,0,0,2.0,1.0,1.0,2.0,1.0
FL,1982,0,0,1.0,0.0,1.0,1.0,1.0
FL,1983,0,0,2.0,0.0,2.0,2.0,2.0
FL,1985,0,0,1.0,0.0,1.0,1.0,1.0
FL,1986,0,0,1.0,0.0,1.0,1.0,1.0
FL,1987,0,0,3.0,2.0,0.0,2.0,2.0
FL,1988,0,0,6.0,1.0,10.0,11.0,4.0
FL,1992,0,0,1.0,0.0,1.0,1.0,1.0
FL,1993,0,0,2.0,2.0,0.0,2.0,1.0
FL,1994,0,0,1.0,1.0,0.0,1.0,1.0
FL,1995,0,0,5.0,3.0,3.0,6.0,4.0
FL,1997,0,0,5.0,3.0,3.0,6.0,3.0
FL,1998,0,0,4.0,2.0,5.0,7.0,1.0
FL,1999,0,0,1.0,0.0,1.0,1.0,1.0
FL,2000,0,0,3.0,3.0,0.0,3.0,2.0
FL,2003,0,0,1.0,1.0,2.0,3.0,1.0
FL,2004,0,0,2.0,0.0,1.0,1.0,2.0
FL,2005,0,0,3.0,1.0,2.0,3.0,2.0
FL,2006,0,0,3.0,4.0,0.0,4.0,0.0
FL,2007,0,0,2.0,0.0,1.0,1.0,1.0
FL,2008,0,0,2.0,2.0,0.0,2.0,2.0
FL,2009,0,0,1.0,0.0,0.0,0.0,0.0
FL,2010,0,18846461,0.0,0.0,0.0,0.0,0.0
FL,2011,0,19097369,1.0,0.0,1.0,1.0,1.0
FL,2012,D-,19341327,1.0,2.0,0.0,2.0,0.0
FL,2013,F,19584927,5.0,3.0,4.0,7.0,4.0
FL,2014,F,19897747,4.0,3.0,2.0,5.0,2.0
FL,2015,F,20268567,4.0,0.0,6.0,6.0,3.0
FL,2016,F,20656589,2.0,0.0,1.0,1.0,2.0
FL,2017,F,20984400,2.0,1.0,0.0,1.0,2.0
FL,2018,C-,"21,299,325",6.0,18.0,23.0,41.0,3.0
GA,1975,0,0,1.0,0.0,1.0,1.0,1.0
GA,1982,0,0,1.0,1.0,0.0,1.0,1.0
GA,1986,0,0,1.0,0.0,1.0,1.0,1.0
GA,1988,0,0,1.0,0.0,2.0,2.0,0.0
GA,1993,0,0,4.0,4.0,1.0,5.0,0.0
GA,1994,0,0,1.0,1.0,0.0,1.0,1.0
GA,1996,0,0,2.0,2.0,0.0,2.0,0.0
GA,1999,0,0,4.0,4.0,6.0,10.0,4.0
GA,2000,0,0,1.0,2.0,1.0,3.0,0.0
GA,2005,0,0,2.0,0.0,3.0,3.0,1.0
GA,2006,0,0,2.0,1.0,2.0,3.0,1.0
GA,2007,0,0,1.0,0.0,1.0,1.0,1.0
GA,2008,0,0,1.0,0.0,1.0,1.0,1.0
GA,2010,0,9712696,0.0,0.0,0.0,0.0,0.0
GA,2011,0,9810595,0.0,0.0,0.0,0.0,0.0
GA,2012,D,9911171,1.0,1.0,0.0,1.0,1.0
GA,2013,F,9981773,4.0,0.0,3.0,3.0,2.0
GA,2014,F,10083850,2.0,1.0,0.0,1.0,0.0
GA,2015,F,10199533,3.0,0.0,1.0,1.0,3.0
GA,2016,F,10313620,1.0,0.0,1.0,1.0,1.0
GA,2017,F,10429379,3.0,0.0,3.0,3.0,3.0
GA,2018,F,"10,519,475",4.0,1.0,3.0,4.0,3.0
GA,2019,0,0,1.0,0.0,1.0,1.0,1.0
HI,1988,0,0,1.0,0.0,1.0,1.0,1.0
HI,2010,0,1363817,0.0,0.0,0.0,0.0,0.0
HI,2011,0,1378323,1.0,0.0,1.0,1.0,1.0
HI,2012,B,1392772,0.0,0.0,0.0,0.0,0.0
HI,2013,B+,1408038,0.0,0.0,0.0,0.0,0.0
HI,2014,B+,1417710,1.0,0.0,2.0,2.0,1.0
HI,2015,B+,1426320,0.0,0.0,0.0,0.0,0.0
HI,2016,A-,1428683,0.0,0.0,0.0,0.0,0.0
HI,2017,A-,1427538,0.0,0.0,0.0,0.0,0.0
HI,2018,A-,"1,420,491",0.0,0.0,0.0,0.0,0.0
IA,1970,0,0,1.0,0.0,1.0,1.0,1.0
IA,1984,0,0,1.0,2.0,0.0,2.0,1.0
IA,1994,0,0,2.0,1.0,1.0,2.0,1.0
IA,2003,0,0,1.0,0.0,1.0,1.0,1.0
IA,2009,0,0,1.0,1.0,0.0,1.0,1.0
IA,2010,0,3050223,0.0,0.0,0.0,0.0,0.0
IA,2011,0,3063690,0.0,0.0,0.0,0.0,0.0
IA,2012,C-,3074386,0.0,0.0,0.0,0.0,0.0
IA,2013,C-,3089876,1.0,1.0,0.0,1.0,1.0
IA,2014,C-,3105563,2.0,0.0,2.0,2.0,1.0
IA,2015,C-,3118473,0.0,0.0,0.0,0.0,0.0
IA,2016,C,3130869,1.0,1.0,0.0,1.0,1.0
IA,2017,C-,3145711,0.0,0.0,0.0,0.0,0.0
IA,2018,C,"3,156,145",2.0,0.0,0.0,0.0,2.0
ID,1999,0,0,1.0,0.0,0.0,0.0,0.0
ID,2010,0,1570912,0.0,0.0,0.0,0.0,0.0
ID,2011,0,1583180,0.0,0.0,0.0,0.0,0.0
ID,2012,F,1594673,0.0,0.0,0.0,0.0,0.0
ID,2013,F,1610187,0.0,0.0,0.0,0.0,0.0
ID,2014,F,1630391,0.0,0.0,0.0,0.0,0.0
ID,2015,F,1649324,0.0,0.0,0.0,0.0,0.0
ID,2016,F,1680026,1.0,0.0,0.0,0.0,1.0
ID,2017,F,1716943,0.0,0.0,0.0,0.0,0.0
ID,2018,F,"1,754,208",0.0,0.0,0.0,0.0,0.0
IL,1970,0,0,1.0,0.0,2.0,2.0,0.0
IL,1972,0,0,2.0,2.0,0.0,2.0,0.0
IL,1973,0,0,2.0,3.0,0.0,3.0,2.0
IL,1974,0,0,1.0,1.0,3.0,4.0,0.0
IL,1975,0,0,1.0,0.0,1.0,1.0,1.0
IL,1977,0,0,4.0,1.0,8.0,9.0,2.0
IL,1978,0,0,1.0,2.0,2.0,4.0,0.0
IL,1983,0,0,3.0,1.0,2.0,3.0,2.0
IL,1986,0,0,1.0,0.0,1.0,1.0,0.0
IL,1987,0,0,3.0,1.0,2.0,3.0,2.0
IL,1988,0,0,3.0,7.0,9.0,16.0,1.0
IL,1991,0,0,1.0,0.0,1.0,1.0,1.0
IL,1992,0,0,4.0,3.0,4.0,7.0,3.0
IL,1993,0,0,4.0,4.0,0.0,4.0,1.0
IL,1994,0,0,1.0,0.0,1.0,1.0,0.0
IL,1999,0,0,2.0,2.0,2.0,4.0,2.0
IL,2000,0,0,1.0,0.0,1.0,1.0,1.0
IL,2002,0,0,2.0,1.0,4.0,5.0,0.0
IL,2003,0,0,2.0,1.0,1.0,2.0,1.0
IL,2004,0,0,1.0,1.0,0.0,1.0,1.0
IL,2005,0,0,4.0,0.0,4.0,4.0,3.0
IL,2006,0,0,1.0,0.0,1.0,1.0,0.0
IL,2007,0,0,3.0,0.0,4.0,4.0,1.0
IL,2009,0,0,4.0,1.0,10.0,11.0,3.0
IL,2010,0,12841196,0.0,0.0,0.0,0.0,0.0
IL,2011,0,12862298,0.0,0.0,0.0,0.0,0.0
IL,2012,B-,12878494,2.0,1.0,0.0,1.0,0.0
IL,2013,B,12890403,1.0,0.0,1.0,1.0,1.0
IL,2014,B+,12882438,1.0,0.0,1.0,1.0,1.0
IL,2015,B+,12862051,0.0,0.0,0.0,0.0,0.0
IL,2016,B+,12835726,2.0,1.0,1.0,2.0,2.0
IL,2017,B+,12802023,2.0,0.0,3.0,3.0,0.0
IL,2018,B+,"12,741,080",3.0,0.0,7.0,7.0,0.0
IN,1972,0,0,1.0,1.0,0.0,1.0,1.0
IN,1974,0,0,1.0,1.0,0.0,1.0,1.0
IN,1979,0,0,1.0,0.0,1.0,1.0,0.0
IN,1980,0,0,1.0,0.0,1.0,1.0,0.0
IN,1981,0,0,1.0,0.0,1.0,1.0,1.0
IN,1983,0,0,1.0,0.0,1.0,1.0,1.0
IN,1987,0,0,1.0,0.0,1.0,1.0,1.0
IN,1989,0,0,1.0,1.0,0.0,1.0,1.0
IN,1990,0,0,1.0,0.0,0.0,0.0,1.0
IN,1997,0,0,1.0,1.0,2.0,3.0,0.0
IN,1998,0,0,2.0,0.0,2.0,2.0,1.0
IN,2001,0,0,1.0,1.0,0.0,1.0,1.0
IN,2004,0,0,2.0,0.0,1.0,1.0,1.0
IN,2006,0,0,2.0,2.0,0.0,2.0,2.0
IN,2010,0,6490029,0.0,0.0,0.0,0.0,0.0
IN,2011,0,6515358,2.0,0.0,1.0,1.0,2.0
IN,2012,F,6535665,0.0,0.0,0.0,0.0,0.0
IN,2013,D-,6567484,0.0,0.0,0.0,0.0,0.0
IN,2014,D-,6593182,1.0,2.0,0.0,2.0,0.0
IN,2015,D,6610596,0.0,0.0,0.0,0.0,0.0
IN,2016,D-,6634007,2.0,0.0,1.0,1.0,2.0
IN,2017,D-,6666818,0.0,0.0,0.0,0.0,0.0
IN,2018,D-,"6,691,878",2.0,1.0,2.0,3.0,1.0
KS,1985,0,0,1.0,1.0,3.0,4.0,0.0
KS,1991,0,0,1.0,0.0,2.0,2.0,1.0
KS,1993,0,0,1.0,0.0,1.0,1.0,0.0
KS,1995,0,0,1.0,2.0,0.0,2.0,0.0
KS,2010,0,2858403,1.0,1.0,1.0,2.0,0.0
KS,2011,0,2868756,0.0,0.0,0.0,0.0,0.0
KS,2012,F,2885316,0.0,0.0,0.0,0.0,0.0
KS,2013,F,2892900,0.0,0.0,0.0,0.0,0.0
KS,2014,F,2899553,0.0,0.0,0.0,0.0,0.0
KS,2015,F,2905789,0.0,0.0,0.0,0.0,0.0
KS,2016,F,2907731,1.0,0.0,2.0,2.0,1.0
KS,2017,F,2913123,0.0,0.0,0.0,0.0,0.0
KS,2018,F,"2,911,505",1.0,1.0,1.0,2.0,0.0
KS,2019,0,0,1.0,0.0,2.0,2.0,0.0
KY,1978,0,0,1.0,0.0,1.0,1.0,1.0
KY,1984,0,0,1.0,0.0,1.0,1.0,1.0
KY,1989,0,0,1.0,0.0,0.0,0.0,1.0
KY,1993,0,0,1.0,2.0,0.0,2.0,0.0
KY,1994,0,0,1.0,0.0,0.0,0.0,1.0
KY,1997,0,0,1.0,3.0,5.0,8.0,0.0
KY,2001,0,0,1.0,1.0,0.0,1.0,0.0
KY,2003,0,0,1.0,0.0,0.0,0.0,1.0
KY,2006,0,0,1.0,0.0,0.0,0.0,1.0
KY,2010,0,4347948,0.0,0.0,0.0,0.0,0.0
KY,2011,0,4368505,0.0,0.0,0.0,0.0,0.0
KY,2012,F,4383673,0.0,0.0,0.0,0.0,0.0
KY,2013,F,4399121,0.0,0.0,0.0,0.0,0.0
KY,2014,F,4410415,1.0,0.0,1.0,1.0,0.0
KY,2015,F,4422057,0.0,0.0,0.0,0.0,0.0
KY,2016,F,4436113,0.0,0.0,0.0,0.0,0.0
KY,2017,F,4454189,0.0,0.0,0.0,0.0,0.0
KY,2018,F,"4,468,402",4.0,3.0,22.0,25.0,2.0
LA,1972,0,0,1.0,1.0,1.0,2.0,1.0
LA,1973,0,0,1.0,0.0,2.0,2.0,0.0
LA,1974,0,0,1.0,1.0,1.0,2.0,0.0
LA,1979,0,0,1.0,0.0,2.0,2.0,1.0
LA,1981,0,0,1.0,0.0,1.0,1.0,1.0
LA,1982,0,0,1.0,1.0,1.0,2.0,1.0
LA,1984,0,0,3.0,1.0,2.0,3.0,1.0
LA,1986,0,0,1.0,1.0,0.0,1.0,1.0
LA,1988,0,0,2.0,1.0,0.0,1.0,1.0
LA,1989,0,0,1.0,0.0,1.0,1.0,0.0
LA,1990,0,0,1.0,0.0,0.0,0.0,1.0
LA,1991,0,0,2.0,2.0,2.0,4.0,2.0
LA,1992,0,0,3.0,1.0,2.0,3.0,2.0
LA,1993,0,0,1.0,1.0,0.0,1.0,1.0
LA,1999,0,0,1.0,0.0,1.0,1.0,0.0
LA,2000,0,0,1.0,0.0,2.0,2.0,0.0
LA,2001,0,0,1.0,0.0,0.0,0.0,1.0
LA,2002,0,0,1.0,1.0,0.0,1.0,1.0
LA,2003,0,0,3.0,1.0,5.0,6.0,3.0
LA,2004,0,0,4.0,1.0,2.0,3.0,4.0
LA,2005,0,0,3.0,0.0,2.0,2.0,2.0
LA,2007,0,0,1.0,1.0,0.0,1.0,1.0
LA,2008,0,0,1.0,1.0,0.0,1.0,1.0
LA,2009,0,0,2.0,1.0,1.0,2.0,2.0
LA,2010,0,4544871,0.0,0.0,0.0,0.0,0.0
LA,2011,0,4574388,0.0,0.0,0.0,0.0,0.0
LA,2012,F,4602681,0.0,0.0,0.0,0.0,0.0
LA,2013,F,4626795,0.0,0.0,0.0,0.0,0.0
LA,2014,F,4648797,1.0,0.0,1.0,1.0,0.0
LA,2015,F,4671211,1.0,0.0,1.0,1.0,0.0
LA,2016,F,4686157,0.0,0.0,0.0,0.0,0.0
LA,2017,F,4684333,3.0,2.0,1.0,3.0,2.0
LA,2018,F,"4,659,978",1.0,0.0,0.0,0.0,0.0
LA,2019,0,0,1.0,0.0,1.0,1.0,0.0
MA,1977,0,0,1.0,0.0,2.0,2.0,0.0
MA,1978,0,0,1.0,0.0,0.0,0.0,1.0
MA,1979,0,0,1.0,0.0,1.0,1.0,1.0
MA,1982,0,0,1.0,0.0,1.0,1.0,1.0
MA,1985,0,0,1.0,0.0,4.0,4.0,1.0
MA,1991,0,0,1.0,0.0,1.0,1.0,1.0
MA,1993,0,0,2.0,2.0,0.0,2.0,1.0
MA,2003,0,0,1.0,0.0,2.0,2.0,0.0
MA,2004,0,0,1.0,1.0,0.0,1.0,1.0
MA,2005,0,0,1.0,0.0,0.0,0.0,1.0
MA,2008,0,0,1.0,0.0,0.0,0.0,1.0
MA,2010,0,6564943,0.0,0.0,0.0,0.0,0.0
MA,2011,0,6612178,0.0,0.0,0.0,0.0,0.0
MA,2012,A-,6659627,0.0,0.0,0.0,0.0,0.0
MA,2013,B+,6711138,0.0,0.0,0.0,0.0,0.0
MA,2014,A-,6757925,0.0,0.0,0.0,0.0,0.0
MA,2015,A-,6794002,0.0,0.0,0.0,0.0,0.0
MA,2016,A-,6823721,1.0,1.0,3.0,4.0,0.0
MA,2017,A-,6859819,0.0,0.0,0.0,0.0,0.0
MA,2018,A-,"6,902,149",0.0,0.0,0.0,0.0,0.0
MD,1971,0,0,5.0,1.0,5.0,6.0,4.0
MD,1972,0,0,2.0,0.0,2.0,2.0,2.0
MD,1974,0,0,1.0,0.0,1.0,1.0,1.0
MD,1976,0,0,1.0,0.0,0.0,0.0,1.0
MD,1979,0,0,1.0,0.0,3.0,3.0,0.0
MD,1980,0,0,1.0,0.0,1.0,1.0,1.0
MD,1981,0,0,2.0,1.0,0.0,1.0,1.0
MD,1982,0,0,1.0,0.0,1.0,1.0,1.0
MD,1983,0,0,4.0,2.0,2.0,4.0,4.0
MD,1984,0,0,2.0,0.0,2.0,2.0,2.0
MD,1985,0,0,1.0,1.0,0.0,1.0,0.0
MD,1986,0,0,1.0,1.0,0.0,1.0,1.0
MD,1988,0,0,2.0,0.0,2.0,2.0,1.0
MD,1994,0,0,1.0,0.0,1.0,1.0,1.0
MD,2001,0,0,3.0,1.0,2.0,3.0,3.0
MD,2002,0,0,2.0,1.0,1.0,2.0,1.0
MD,2003,0,0,2.0,0.0,0.0,0.0,2.0
MD,2004,0,0,2.0,0.0,6.0,6.0,1.0
MD,2005,0,0,1.0,0.0,1.0,1.0,1.0
MD,2006,0,0,1.0,0.0,0.0,0.0,1.0
MD,2010,0,5788099,0.0,0.0,0.0,0.0,0.0
MD,2011,0,5843115,0.0,0.0,0.0,0.0,0.0
MD,2012,B,5891680,1.0,0.0,1.0,1.0,1.0
MD,2013,A-,5932654,0.0,0.0,0.0,0.0,0.0
MD,2014,A-,5970245,1.0,0.0,0.0,0.0,0.0
MD,2015,A-,6000561,1.0,0.0,2.0,2.0,1.0
MD,2016,A-,6024752,1.0,1.0,1.0,2.0,1.0
MD,2017,A-,6052177,0.0,0.0,0.0,0.0,0.0
MD,2018,A-,"6,042,718",4.0,3.0,2.0,5.0,2.0
MD,2019,0,0,1.0,0.0,1.0,1.0,1.0
ME,2010,0,1327568,0.0,0.0,0.0,0.0,0.0
ME,2011,0,1327968,0.0,0.0,0.0,0.0,0.0
ME,2012,F,1328101,0.0,0.0,0.0,0.0,0.0
ME,2013,F,1327975,1.0,1.0,0.0,1.0,1.0
ME,2014,F,1328903,1.0,1.0,0.0,1.0,1.0
ME,2015,F,1327787,0.0,0.0,0.0,0.0,0.0
ME,2016,F,1330232,0.0,0.0,0.0,0.0,0.0
ME,2017,F,1335907,0.0,0.0,0.0,0.0,0.0
ME,2018,F,"1,338,404",0.0,0.0,0.0,0.0,0.0
MI,1970,0,0,1.0,0.0,4.0,4.0,0.0
MI,1971,0,0,1.0,0.0,1.0,1.0,1.0
MI,1972,0,0,2.0,0.0,7.0,7.0,0.0
MI,1975,0,0,1.0,1.0,0.0,1.0,1.0
MI,1976,0,0,2.0,1.0,5.0,6.0,1.0
MI,1978,0,0,2.0,1.0,2.0,3.0,0.0
MI,1982,0,0,2.0,0.0,3.0,3.0,2.0
MI,1983,0,0,2.0,2.0,0.0,2.0,1.0
MI,1984,0,0,4.0,1.0,4.0,5.0,4.0
MI,1985,0,0,1.0,0.0,7.0,7.0,1.0
MI,1987,0,0,3.0,1.0,4.0,5.0,2.0
MI,1988,0,0,3.0,0.0,3.0,3.0,2.0
MI,1992,0,0,3.0,0.0,11.0,11.0,0.0
MI,1993,0,0,1.0,1.0,2.0,3.0,0.0
MI,1994,0,0,1.0,1.0,0.0,1.0,0.0
MI,1995,0,0,1.0,0.0,1.0,1.0,1.0
MI,1997,0,0,1.0,1.0,0.0,1.0,1.0
MI,1998,0,0,2.0,2.0,0.0,2.0,2.0
MI,2000,0,0,1.0,1.0,0.0,1.0,0.0
MI,2001,0,0,2.0,1.0,3.0,4.0,1.0
MI,2002,0,0,1.0,0.0,1.0,1.0,1.0
MI,2005,0,0,4.0,0.0,4.0,4.0,1.0
MI,2006,0,0,2.0,0.0,1.0,1.0,2.0
MI,2007,0,0,3.0,1.0,4.0,5.0,1.0
MI,2008,0,0,1.0,1.0,3.0,4.0,1.0
MI,2009,0,0,2.0,0.0,6.0,6.0,1.0
MI,2010,0,9876731,1.0,0.0,2.0,2.0,0.0
MI,2011,0,9876199,1.0,0.0,1.0,1.0,0.0
MI,2012,C,9886610,0.0,0.0,0.0,0.0,0.0
MI,2013,C,9899219,3.0,2.0,2.0,4.0,1.0
MI,2014,C,9914675,2.0,2.0,0.0,2.0,1.0
MI,2015,C,9918170,1.0,0.0,7.0,7.0,0.0
MI,2016,C,9933445,3.0,0.0,5.0,5.0,2.0
MI,2017,C,9962311,2.0,0.0,2.0,2.0,1.0
MI,2018,C,"9,995,915",5.0,0.0,1.0,1.0,2.0
MN,1971,0,0,1.0,0.0,0.0,0.0,0.0
MN,1973,0,0,1.0,0.0,1.0,1.0,1.0
MN,1993,0,0,1.0,1.0,0.0,1.0,1.0
MN,2000,0,0,1.0,0.0,2.0,2.0,0.0
MN,2003,0,0,1.0,2.0,0.0,2.0,1.0
MN,2005,0,0,1.0,10.0,7.0,17.0,0.0
MN,2008,0,0,1.0,1.0,0.0,1.0,1.0
MN,2010,0,5310711,0.0,0.0,0.0,0.0,0.0
MN,2011,0,5345967,0.0,0.0,0.0,0.0,0.0
MN,2012,C,5377695,0.0,0.0,0.0,0.0,0.0
MN,2013,C,5416074,0.0,0.0,0.0,0.0,0.0
MN,2014,C,5452649,0.0,0.0,0.0,0.0,0.0
MN,2015,C,5483238,1.0,1.0,0.0,1.0,1.0
MN,2016,C+,5525050,1.0,0.0,0.0,0.0,1.0
MN,2017,C+,5576606,1.0,1.0,0.0,1.0,1.0
MN,2018,C+,"5,611,179",1.0,0.0,0.0,0.0,1.0
MN,2019,0,0,1.0,0.0,1.0,1.0,0.0
MO,1973,0,0,3.0,1.0,2.0,3.0,2.0
MO,1975,0,0,3.0,1.0,3.0,4.0,1.0
MO,1976,0,0,2.0,0.0,3.0,3.0,1.0
MO,1977,0,0,3.0,0.0,3.0,3.0,1.0
MO,1978,0,0,1.0,0.0,3.0,3.0,0.0
MO,1979,0,0,2.0,0.0,3.0,3.0,0.0
MO,1983,0,0,2.0,2.0,2.0,4.0,1.0
MO,1984,0,0,1.0,0.0,0.0,0.0,1.0
MO,1986,0,0,1.0,1.0,0.0,1.0,1.0
MO,1987,0,0,1.0,2.0,0.0,2.0,1.0
MO,1993,0,0,1.0,1.0,0.0,1.0,1.0
MO,1994,0,0,1.0,2.0,0.0,2.0,0.0
MO,1996,0,0,2.0,2.0,1.0,3.0,0.0
MO,2002,0,0,1.0,1.0,1.0,2.0,1.0
MO,2006,0,0,2.0,0.0,1.0,1.0,2.0
MO,2010,0,5995681,0.0,0.0,0.0,0.0,0.0
MO,2011,0,6010280,0.0,0.0,0.0,0.0,0.0
MO,2012,F,6023267,0.0,0.0,0.0,0.0,0.0
MO,2013,F,6041142,0.0,0.0,0.0,0.0,0.0
MO,2014,F,6058014,1.0,1.0,0.0,1.0,1.0
MO,2015,F,6072640,1.0,0.0,1.0,1.0,0.0
MO,2016,F,6091176,2.0,1.0,2.0,3.0,2.0
MO,2017,F,6113532,1.0,1.0,0.0,1.0,1.0
MO,2018,F,"6,126,452",5.0,1.0,4.0,5.0,3.0
MO,2019,0,0,1.0,0.0,0.0,0.0,0.0
MS,1980,0,0,1.0,1.0,0.0,1.0,1.0
MS,1981,0,0,1.0,0.0,1.0,1.0,1.0
MS,1982,0,0,1.0,2.0,0.0,2.0,1.0
MS,1988,0,0,2.0,0.0,3.0,3.0,1.0
MS,1991,0,0,1.0,0.0,1.0,1.0,1.0
MS,1993,0,0,2.0,2.0,0.0,2.0,1.0
MS,1997,0,0,1.0,3.0,7.0,10.0,0.0
MS,1999,0,0,1.0,0.0,0.0,0.0,1.0
MS,2001,0,0,1.0,0.0,1.0,1.0,1.0
MS,2002,0,0,1.0,0.0,0.0,0.0,1.0
MS,2003,0,0,2.0,2.0,0.0,2.0,1.0
MS,2010,0,2970437,0.0,0.0,0.0,0.0,0.0
MS,2011,0,2977452,0.0,0.0,0.0,0.0,0.0
MS,2012,F,2982963,0.0,0.0,0.0,0.0,0.0
MS,2013,F,2987721,1.0,1.0,2.0,3.0,1.0
MS,2014,F,2988578,0.0,0.0,0.0,0.0,0.0
MS,2015,F,2985297,0.0,0.0,0.0,0.0,0.0
MS,2016,F,2985415,1.0,0.0,1.0,1.0,0.0
MS,2017,F,2984100,0.0,0.0,0.0,0.0,0.0
MS,2018,F,"2,986,530",1.0,0.0,0.0,0.0,1.0
MT,1984,0,0,1.0,0.0,1.0,1.0,1.0
MT,1986,0,0,1.0,1.0,3.0,4.0,1.0
MT,1994,0,0,1.0,1.0,0.0,1.0,1.0
MT,2002,0,0,1.0,0.0,0.0,0.0,1.0
MT,2006,0,0,2.0,1.0,1.0,2.0,2.0
MT,2010,0,990507,0.0,0.0,0.0,0.0,0.0
MT,2011,0,996866,0.0,0.0,0.0,0.0,0.0
MT,2012,F,1003522,0.0,0.0,0.0,0.0,0.0
MT,2013,F,1011921,0.0,0.0,0.0,0.0,0.0
MT,2014,F,1019931,0.0,0.0,0.0,0.0,0.0
MT,2015,F,1028317,0.0,0.0,0.0,0.0,0.0
MT,2016,F,1038656,0.0,0.0,0.0,0.0,0.0
MT,2017,F,1050493,0.0,0.0,0.0,0.0,0.0
MT,2018,F,"1,062,305",2.0,0.0,2.0,2.0,1.0
NC,1973,0,0,2.0,0.0,5.0,5.0,2.0
NC,1976,0,0,1.0,1.0,1.0,2.0,1.0
NC,1984,0,0,1.0,0.0,1.0,1.0,1.0
NC,1986,0,0,2.0,1.0,3.0,4.0,1.0
NC,1987,0,0,1.0,0.0,2.0,2.0,1.0
NC,1988,0,0,1.0,0.0,4.0,4.0,0.0
NC,1990,0,0,1.0,1.0,0.0,1.0,1.0
NC,1991,0,0,2.0,1.0,2.0,3.0,0.0
NC,1994,0,0,1.0,1.0,1.0,2.0,0.0
NC,1996,0,0,1.0,1.0,0.0,1.0,0.0
NC,1998,0,0,1.0,1.0,0.0,1.0,1.0
NC,2000,0,0,1.0,0.0,0.0,0.0,1.0
NC,2003,0,0,2.0,0.0,2.0,2.0,2.0
NC,2006,0,0,3.0,1.0,2.0,3.0,2.0
NC,2007,0,0,4.0,1.0,4.0,5.0,1.0
NC,2008,0,0,1.0,1.0,0.0,1.0,1.0
NC,2009,0,0,4.0,0.0,2.0,2.0,4.0
NC,2010,0,9574247,0.0,0.0,0.0,0.0,0.0
NC,2011,0,9662940,1.0,0.0,1.0,1.0,1.0
NC,2012,F,9755299,1.0,1.0,0.0,1.0,0.0
NC,2013,F,9849812,2.0,1.0,2.0,3.0,1.0
NC,2014,F,9941160,4.0,0.0,2.0,2.0,3.0
NC,2015,F,10041769,1.0,0.0,1.0,1.0,1.0
NC,2016,D-,10156689,0.0,0.0,0.0,0.0,0.0
NC,2017,D-,10273419,1.0,0.0,0.0,0.0,1.0
NC,2018,D,"10,383,620",3.0,1.0,0.0,1.0,0.0
NC,2019,0,0,1.0,0.0,1.0,1.0,0.0
ND,2010,0,674518,0.0,0.0,0.0,0.0,0.0
ND,2011,0,684830,0.0,0.0,0.0,0.0,0.0
ND,2012,F,701380,1.0,0.0,1.0,1.0,1.0
ND,2013,F,722908,0.0,0.0,0.0,0.0,0.0
ND,2014,F,738658,0.0,0.0,0.0,0.0,0.0
ND,2015,F,754859,0.0,0.0,0.0,0.0,0.0
ND,2016,F,755548,0.0,0.0,0.0,0.0,0.0
ND,2017,F,755393,0.0,0.0,0.0,0.0,0.0
ND,2018,F,"760,077",0.0,0.0,0.0,0.0,0.0
NE,1995,0,0,1.0,0.0,1.0,1.0,0.0
NE,2000,0,0,1.0,0.0,1.0,1.0,1.0
NE,2004,0,0,1.0,0.0,1.0,1.0,1.0
NE,2006,0,0,1.0,0.0,1.0,1.0,1.0
NE,2010,0,1829956,0.0,0.0,0.0,0.0,0.0
NE,2011,0,1841641,1.0,2.0,1.0,3.0,1.0
NE,2012,D,1854862,0.0,0.0,0.0,0.0,0.0
NE,2013,D,1867414,0.0,0.0,0.0,0.0,0.0
NE,2014,D,1880920,0.0,0.0,0.0,0.0,0.0
NE,2015,D,1893564,1.0,0.0,0.0,0.0,0.0
NE,2016,D,1907603,0.0,0.0,0.0,0.0,0.0
NE,2017,D,1920076,1.0,1.0,1.0,2.0,0.0
NE,2018,C-,"1,929,268",0.0,0.0,0.0,0.0,0.0
NH,1985,0,0,1.0,1.0,0.0,1.0,0.0
NH,1991,0,0,1.0,0.0,2.0,2.0,1.0
NH,2010,0,1316700,0.0,0.0,0.0,0.0,0.0
NH,2011,0,1318345,0.0,0.0,0.0,0.0,0.0
NH,2012,D,1320923,1.0,0.0,1.0,1.0,1.0
NH,2013,D-,1322622,1.0,0.0,0.0,0.0,0.0
NH,2014,D-,1328684,1.0,0.0,0.0,0.0,1.0
NH,2015,D,1330134,0.0,0.0,0.0,0.0,0.0
NH,2016,D,1335015,0.0,0.0,0.0,0.0,0.0
NH,2017,F,1342795,0.0,0.0,0.0,0.0,0.0
NH,2018,F,"1,356,458",1.0,0.0,1.0,1.0,0.0
NJ,1975,0,0,1.0,1.0,1.0,2.0,1.0
NJ,1994,0,0,1.0,1.0,0.0,1.0,1.0
NJ,1998,0,0,1.0,2.0,0.0,2.0,1.0
NJ,2002,0,0,1.0,0.0,1.0,1.0,1.0
NJ,2003,0,0,1.0,0.0,1.0,1.0,0.0
NJ,2005,0,0,2.0,1.0,5.0,6.0,0.0
NJ,2006,0,0,1.0,0.0,2.0,2.0,0.0
NJ,2007,0,0,1.0,3.0,1.0,4.0,1.0
NJ,2010,0,8803708,0.0,0.0,0.0,0.0,0.0
NJ,2011,0,8844694,0.0,0.0,0.0,0.0,0.0
NJ,2012,A-,8882095,0.0,0.0,0.0,0.0,0.0
NJ,2013,A,8913735,0.0,0.0,0.0,0.0,0.0
NJ,2014,A-,8943010,1.0,0.0,0.0,0.0,0.0
NJ,2015,A-,8960001,0.0,0.0,0.0,0.0,0.0
NJ,2016,A-,8978416,0.0,0.0,0.0,0.0,0.0
NJ,2017,A-,9005644,0.0,0.0,0.0,0.0,0.0
NJ,2018,A,"8,908,520",0.0,0.0,0.0,0.0,0.0
NM,1971,0,0,1.0,1.0,1.0,2.0,1.0
NM,1975,0,0,1.0,1.0,0.0,1.0,1.0
NM,1981,0,0,1.0,0.0,2.0,2.0,0.0
NM,1983,0,0,1.0,0.0,1.0,1.0,1.0
NM,1999,0,0,1.0,1.0,0.0,1.0,0.0
NM,2000,0,0,1.0,0.0,0.0,0.0,1.0
NM,2010,0,2064607,0.0,0.0,0.0,0.0,0.0
NM,2011,0,2077744,0.0,0.0,0.0,0.0,0.0
NM,2012,F,2083590,0.0,0.0,0.0,0.0,0.0
NM,2013,F,2085161,1.0,1.0,0.0,1.0,1.0
NM,2014,F,2083207,1.0,0.0,2.0,2.0,1.0
NM,2015,F,2082264,0.0,0.0,0.0,0.0,0.0
NM,2016,F,2085432,0.0,0.0,0.0,0.0,0.0
NM,2017,F,2088070,1.0,3.0,0.0,3.0,0.0
NM,2018,F,"2,095,428",0.0,0.0,0.0,0.0,0.0
NM,2019,0,0,1.0,0.0,0.0,0.0,1.0
NV,1972,0,0,1.0,1.0,0.0,1.0,1.0
NV,1982,0,0,2.0,1.0,4.0,5.0,2.0
NV,1990,0,0,1.0,1.0,0.0,1.0,0.0
NV,1996,0,0,1.0,0.0,2.0,2.0,0.0
NV,1999,0,0,1.0,0.0,2.0,2.0,1.0
NV,2004,0,0,1.0,2.0,0.0,2.0,0.0
NV,2006,0,0,1.0,0.0,2.0,2.0,1.0
NV,2007,0,0,1.0,0.0,2.0,2.0,0.0
NV,2010,0,2702797,0.0,0.0,0.0,0.0,0.0
NV,2011,0,2718170,0.0,0.0,0.0,0.0,0.0
NV,2012,F,2752410,0.0,0.0,0.0,0.0,0.0
NV,2013,F,2786547,1.0,2.0,2.0,4.0,1.0
NV,2014,F,2831730,0.0,0.0,0.0,0.0,0.0
NV,2015,F,2883057,1.0,0.0,0.0,0.0,1.0
NV,2016,C-,2939254,1.0,0.0,1.0,1.0,1.0
NV,2017,D,2998039,0.0,0.0,0.0,0.0,0.0
NV,2018,D,"3,034,392",1.0,1.0,0.0,1.0,0.0
NY,1971,0,0,2.0,2.0,0.0,2.0,1.0
NY,1974,0,0,1.0,3.0,11.0,14.0,1.0
NY,1975,0,0,1.0,0.0,1.0,1.0,1.0
NY,1977,0,0,1.0,0.0,0.0,0.0,0.0
NY,1978,0,0,1.0,0.0,1.0,1.0,1.0
NY,1980,0,0,1.0,0.0,1.0,1.0,1.0
NY,1981,0,0,2.0,2.0,0.0,2.0,1.0
NY,1982,0,0,1.0,0.0,1.0,1.0,1.0
NY,1983,0,0,1.0,1.0,2.0,3.0,0.0
NY,1987,0,0,3.0,0.0,3.0,3.0,3.0
NY,1988,0,0,1.0,0.0,1.0,1.0,1.0
NY,1989,0,0,1.0,1.0,0.0,1.0,1.0
NY,1990,0,0,1.0,0.0,1.0,1.0,1.0
NY,1991,0,0,2.0,2.0,1.0,3.0,2.0
NY,1992,0,0,3.0,2.0,4.0,6.0,2.0
NY,1993,0,0,3.0,1.0,3.0,4.0,1.0
NY,1994,0,0,1.0,0.0,1.0,1.0,1.0
NY,1995,0,0,1.0,1.0,0.0,1.0,1.0
NY,1997,0,0,2.0,2.0,3.0,5.0,0.0
NY,1998,0,0,2.0,1.0,2.0,3.0,2.0
NY,1999,0,0,1.0,0.0,2.0,2.0,0.0
NY,2002,0,0,1.0,0.0,2.0,2.0,1.0
NY,2004,0,0,1.0,0.0,1.0,1.0,1.0
NY,2005,0,0,4.0,0.0,4.0,4.0,2.0
NY,2006,0,0,2.0,0.0,4.0,4.0,1.0
NY,2007,0,0,1.0,0.0,0.0,0.0,1.0
NY,2008,0,0,1.0,0.0,1.0,1.0,0.0
NY,2009,0,0,2.0,1.0,1.0,2.0,2.0
NY,2010,0,19405185,0.0,0.0,0.0,0.0,0.0
NY,2011,0,19526372,0.0,0.0,0.0,0.0,0.0
NY,2012,B,19625409,0.0,0.0,0.0,0.0,0.0
NY,2013,A-,19712514,0.0,0.0,0.0,0.0,0.0
NY,2014,A-,19773580,0.0,0.0,0.0,0.0,0.0
NY,2015,A-,19819347,0.0,0.0,0.0,0.0,0.0
NY,2016,A-,19836286,0.0,0.0,0.0,0.0,0.0
NY,2017,A-,19849399,0.0,0.0,0.0,0.0,0.0
NY,2018,A-,"19,542,209",3.0,1.0,1.0,2.0,1.0
OH,1970,0,0,2.0,0.0,2.0,2.0,2.0
OH,1971,0,0,1.0,1.0,0.0,1.0,1.0
OH,1972,0,0,2.0,0.0,2.0,2.0,2.0
OH,1973,0,0,3.0,0.0,5.0,5.0,2.0
OH,1975,0,0,1.0,0.0,1.0,1.0,1.0
OH,1976,0,0,1.0,1.0,1.0,2.0,1.0
OH,1979,0,0,1.0,1.0,0.0,1.0,1.0
OH,1980,0,0,1.0,0.0,1.0,1.0,1.0
OH,1981,0,0,2.0,0.0,2.0,2.0,1.0
OH,1982,0,0,1.0,0.0,1.0,1.0,1.0
OH,1983,0,0,1.0,0.0,1.0,1.0,1.0
OH,1984,0,0,2.0,1.0,1.0,2.0,2.0
OH,1985,0,0,2.0,0.0,3.0,3.0,2.0
OH,1990,0,0,1.0,1.0,0.0,1.0,0.0
OH,1991,0,0,1.0,1.0,0.0,1.0,0.0
OH,1992,0,0,1.0,0.0,1.0,1.0,1.0
OH,1994,0,0,1.0,1.0,4.0,5.0,0.0
OH,1997,0,0,1.0,0.0,1.0,1.0,1.0
OH,2000,0,0,4.0,2.0,0.0,2.0,2.0
OH,2001,0,0,1.0,1.0,0.0,1.0,0.0
OH,2003,0,0,1.0,0.0,1.0,1.0,0.0
OH,2004,0,0,1.0,0.0,1.0,1.0,1.0
OH,2005,0,0,2.0,0.0,2.0,2.0,1.0
OH,2006,0,0,2.0,1.0,2.0,3.0,0.0
OH,2007,0,0,3.0,1.0,5.0,6.0,1.0
OH,2008,0,0,1.0,0.0,0.0,0.0,1.0
OH,2010,0,11539282,0.0,0.0,0.0,0.0,0.0
OH,2011,0,11543332,0.0,0.0,0.0,0.0,0.0
OH,2012,D,11546969,1.0,3.0,3.0,6.0,0.0
OH,2013,D,11567845,1.0,0.0,1.0,1.0,1.0
OH,2014,D,11593741,2.0,0.0,2.0,2.0,1.0
OH,2015,D,11606027,1.0,1.0,1.0,2.0,0.0
OH,2016,D,11622554,3.0,0.0,8.0,8.0,0.0
OH,2017,D,11658609,3.0,0.0,2.0,2.0,1.0
OH,2018,D,"11,689,442",3.0,2.0,0.0,2.0,2.0
OK,1971,0,0,1.0,1.0,0.0,1.0,1.0
OK,1975,0,0,1.0,1.0,5.0,6.0,0.0
OK,1992,0,0,1.0,1.0,0.0,1.0,1.0
OK,1999,0,0,1.0,0.0,6.0,6.0,1.0
OK,2000,0,0,1.0,0.0,1.0,1.0,1.0
OK,2003,0,0,2.0,0.0,1.0,1.0,2.0
OK,2008,0,0,1.0,1.0,0.0,1.0,1.0
OK,2010,0,3759529,0.0,0.0,0.0,0.0,0.0
OK,2011,0,3785232,0.0,0.0,0.0,0.0,0.0
OK,2012,F,3815298,1.0,1.0,0.0,1.0,1.0
OK,2013,F,3849840,0.0,0.0,0.0,0.0,0.0
OK,2014,F,3875008,0.0,0.0,0.0,0.0,0.0
OK,2015,F,3904353,0.0,0.0,0.0,0.0,0.0
OK,2016,F,3921207,1.0,0.0,1.0,1.0,1.0
OK,2017,F,3930864,1.0,1.0,0.0,1.0,0.0
OK,2018,F,"3,943,079",0.0,0.0,0.0,0.0,0.0
OR,1982,0,0,1.0,1.0,0.0,1.0,1.0
OR,1987,0,0,1.0,1.0,0.0,1.0,1.0
OR,1994,0,0,1.0,0.0,1.0,1.0,1.0
OR,1998,0,0,1.0,4.0,23.0,27.0,1.0
OR,2006,0,0,1.0,0.0,1.0,1.0,1.0
OR,2007,0,0,2.0,1.0,10.0,11.0,2.0
OR,2010,0,3837073,0.0,0.0,0.0,0.0,0.0
OR,2011,0,3865845,0.0,0.0,0.0,0.0,0.0
OR,2012,D,3893920,0.0,0.0,0.0,0.0,0.0
OR,2013,D+,3919664,0.0,0.0,0.0,0.0,0.0
OR,2014,D+,3960673,3.0,3.0,4.0,7.0,2.0
OR,2015,C,4016537,0.0,0.0,0.0,0.0,0.0
OR,2016,C,4085989,0.0,0.0,0.0,0.0,0.0
OR,2017,C,4142776,0.0,0.0,0.0,0.0,0.0
OR,2018,C+,"4,190,713",2.0,1.0,0.0,1.0,1.0
OR,2019,0,0,1.0,1.0,0.0,1.0,0.0
PA,1971,0,0,4.0,1.0,3.0,4.0,2.0
PA,1978,0,0,1.0,0.0,8.0,8.0,0.0
PA,1979,0,0,1.0,0.0,1.0,1.0,1.0
PA,1981,0,0,1.0,0.0,3.0,3.0,0.0
PA,1983,0,0,1.0,1.0,0.0,1.0,1.0
PA,1984,0,0,1.0,0.0,1.0,1.0,1.0
PA,1985,0,0,1.0,0.0,0.0,0.0,1.0
PA,1988,0,0,2.0,0.0,2.0,2.0,2.0
PA,1989,0,0,1.0,1.0,1.0,2.0,1.0
PA,1993,0,0,1.0,1.0,0.0,1.0,0.0
PA,1994,0,0,1.0,1.0,0.0,1.0,0.0
PA,1996,0,0,2.0,3.0,0.0,3.0,0.0
PA,1998,0,0,2.0,2.0,3.0,5.0,0.0
PA,1999,0,0,1.0,1.0,0.0,1.0,0.0
PA,2000,0,0,1.0,0.0,0.0,0.0,1.0
PA,2001,0,0,1.0,0.0,1.0,1.0,1.0
PA,2002,0,0,1.0,0.0,0.0,0.0,1.0
PA,2003,0,0,3.0,4.0,0.0,4.0,3.0
PA,2004,0,0,1.0,1.0,1.0,2.0,1.0
PA,2005,0,0,3.0,4.0,2.0,6.0,1.0
PA,2006,0,0,7.0,9.0,7.0,16.0,5.0
PA,2007,0,0,1.0,0.0,1.0,1.0,1.0
PA,2008,0,0,1.0,0.0,2.0,2.0,0.0
PA,2009,0,0,2.0,0.0,2.0,2.0,1.0
PA,2010,0,12711063,0.0,0.0,0.0,0.0,0.0
PA,2011,0,12742811,0.0,0.0,0.0,0.0,0.0
PA,2012,C,12768034,0.0,0.0,0.0,0.0,0.0
PA,2013,C,12778450,1.0,0.0,3.0,3.0,0.0
PA,2014,C,12790341,3.0,1.0,2.0,3.0,1.0
PA,2015,C,12791124,0.0,0.0,0.0,0.0,0.0
PA,2016,C,12787085,2.0,0.0,1.0,1.0,2.0
PA,2017,C,12805537,2.0,1.0,1.0,2.0,1.0
PA,2018,C+,"12,807,060",3.0,2.0,0.0,2.0,0.0
RH,1990,0,0,1.0,0.0,2.0,2.0,1.0
RI,1988,0,0,1.0,0.0,1.0,1.0,1.0
RI,2007,0,0,1.0,0.0,1.0,1.0,0.0
RI,2010,0,1053169,0.0,0.0,0.0,0.0,0.0
RI,2011,0,1052154,0.0,0.0,0.0,0.0,0.0
RI,2012,C-,1052761,0.0,0.0,0.0,0.0,0.0
RI,2013,B-,1052784,0.0,0.0,0.0,0.0,0.0
RI,2014,B+,1054782,0.0,0.0,0.0,0.0,0.0
RI,2015,B+,1055916,0.0,0.0,0.0,0.0,0.0
RI,2016,B+,1057566,0.0,0.0,0.0,0.0,0.0
RI,2017,B+,1059639,0.0,0.0,0.0,0.0,0.0
RI,2018,B+,"1,057,315",1.0,1.0,1.0,2.0,0.0
SC,1974,0,0,2.0,0.0,1.0,1.0,1.0
SC,1984,0,0,1.0,0.0,2.0,2.0,1.0
SC,1988,0,0,2.0,3.0,9.0,12.0,1.0
SC,1989,0,0,1.0,0.0,1.0,1.0,1.0
SC,1991,0,0,3.0,1.0,4.0,5.0,1.0
SC,1994,0,0,3.0,2.0,1.0,3.0,0.0
SC,1995,0,0,1.0,3.0,1.0,4.0,0.0
SC,2004,0,0,1.0,0.0,1.0,1.0,1.0
SC,2006,0,0,1.0,0.0,0.0,0.0,1.0
SC,2007,0,0,2.0,0.0,2.0,2.0,2.0
SC,2008,0,0,1.0,0.0,1.0,1.0,0.0
SC,2009,0,0,1.0,1.0,0.0,1.0,0.0
SC,2010,0,4635834,1.0,0.0,1.0,1.0,1.0
SC,2011,0,4672744,0.0,0.0,0.0,0.0,0.0
SC,2012,D-,4719009,0.0,0.0,0.0,0.0,0.0
SC,2013,F,4765862,0.0,0.0,0.0,0.0,0.0
SC,2014,F,4824758,0.0,0.0,0.0,0.0,0.0
SC,2015,F,4892423,1.0,0.0,0.0,0.0,0.0
SC,2016,F,4959822,2.0,2.0,3.0,5.0,1.0
SC,2017,F,5024369,2.0,0.0,4.0,4.0,1.0
SC,2018,F,"5,084,127",1.0,0.0,0.0,0.0,1.0
SD,1999,0,0,1.0,0.0,1.0,1.0,1.0
SD,2009,0,0,1.0,0.0,0.0,0.0,1.0
SD,2010,0,816227,0.0,0.0,0.0,0.0,0.0
SD,2011,0,823338,0.0,0.0,0.0,0.0,0.0
SD,2012,F,832576,0.0,0.0,0.0,0.0,0.0
SD,2013,F,842513,0.0,0.0,0.0,0.0,0.0
SD,2014,F,849455,0.0,0.0,0.0,0.0,0.0
SD,2015,F,854036,1.0,0.0,1.0,1.0,1.0
SD,2016,F,861542,0.0,0.0,0.0,0.0,0.0
SD,2017,F,869666,0.0,0.0,0.0,0.0,0.0
SD,2018,F,"882,235",1.0,0.0,1.0,1.0,0.0
"St. Croix, US Virgin Islands",2005,0,0,1.0,0.0,1.0,1.0,0.0
TN,1970,0,0,3.0,2.0,3.0,5.0,1.0
TN,1974,0,0,1.0,1.0,0.0,1.0,1.0
TN,1977,0,0,1.0,1.0,0.0,1.0,0.0
TN,1978,0,0,1.0,0.0,1.0,1.0,0.0
TN,1982,0,0,1.0,1.0,0.0,1.0,1.0
TN,1983,0,0,1.0,0.0,1.0,1.0,1.0
TN,1986,0,0,1.0,0.0,1.0,1.0,1.0
TN,1990,0,0,1.0,1.0,0.0,1.0,1.0
TN,1994,0,0,1.0,1.0,0.0,1.0,0.0
TN,1995,0,0,2.0,3.0,1.0,4.0,1.0
TN,1996,0,0,1.0,1.0,0.0,1.0,0.0
TN,1998,0,0,1.0,1.0,0.0,1.0,0.0
TN,2004,0,0,1.0,0.0,0.0,0.0,1.0
TN,2005,0,0,6.0,2.0,6.0,8.0,3.0
TN,2006,0,0,2.0,1.0,1.0,2.0,2.0
TN,2007,0,0,3.0,0.0,3.0,3.0,3.0
TN,2008,0,0,3.0,1.0,2.0,3.0,2.0
TN,2010,0,6355882,2.0,1.0,2.0,3.0,1.0
TN,2011,0,6396281,0.0,0.0,0.0,0.0,0.0
TN,2012,F,6450632,1.0,0.0,0.0,0.0,0.0
TN,2013,F,6490795,2.0,1.0,0.0,1.0,2.0
TN,2014,F,6540007,2.0,0.0,2.0,2.0,2.0
TN,2015,F,6590726,0.0,0.0,0.0,0.0,0.0
TN,2016,F,6649404,0.0,0.0,0.0,0.0,0.0
TN,2017,D-,6715984,1.0,0.0,0.0,0.0,0.0
TN,2018,D-,"6,770,010",6.0,2.0,5.0,7.0,4.0
TN,2019,0,0,1.0,0.0,0.0,0.0,0.0
TX,1970,0,0,1.0,0.0,1.0,1.0,0.0
TX,1971,0,0,2.0,1.0,2.0,3.0,2.0
TX,1972,0,0,3.0,0.0,3.0,3.0,2.0
TX,1975,0,0,1.0,0.0,2.0,2.0,0.0
TX,1976,0,0,1.0,1.0,1.0,2.0,0.0
TX,1977,0,0,2.0,1.0,1.0,2.0,2.0
TX,1978,0,0,2.0,2.0,0.0,2.0,2.0
TX,1979,0,0,2.0,1.0,1.0,2.0,2.0
TX,1980,0,0,3.0,1.0,2.0,3.0,2.0
TX,1981,0,0,1.0,0.0,1.0,1.0,1.0
TX,1983,0,0,4.0,4.0,3.0,7.0,2.0
TX,1984,0,0,4.0,1.0,4.0,5.0,4.0
TX,1985,0,0,5.0,1.0,4.0,5.0,4.0
TX,1986,0,0,1.0,1.0,0.0,1.0,1.0
TX,1987,0,0,3.0,3.0,1.0,4.0,2.0
TX,1988,0,0,5.0,1.0,4.0,5.0,2.0
TX,1989,0,0,4.0,0.0,4.0,4.0,3.0
TX,1990,0,0,6.0,0.0,8.0,8.0,3.0
TX,1991,0,0,9.0,5.0,5.0,10.0,7.0
TX,1992,0,0,5.0,4.0,9.0,13.0,4.0
TX,1993,0,0,2.0,2.0,0.0,2.0,1.0
TX,1994,0,0,2.0,1.0,2.0,3.0,2.0
TX,1995,0,0,1.0,1.0,0.0,1.0,1.0
TX,1997,0,0,1.0,1.0,0.0,1.0,0.0
TX,1999,0,0,2.0,1.0,1.0,2.0,2.0
TX,2000,0,0,1.0,0.0,0.0,0.0,1.0
TX,2001,0,0,4.0,3.0,0.0,3.0,4.0
TX,2002,0,0,3.0,1.0,2.0,3.0,2.0
TX,2003,0,0,2.0,2.0,0.0,2.0,2.0
TX,2004,0,0,3.0,1.0,2.0,3.0,2.0
TX,2005,0,0,4.0,1.0,3.0,4.0,1.0
TX,2006,0,0,6.0,2.0,6.0,8.0,5.0
TX,2007,0,0,6.0,2.0,3.0,5.0,5.0
TX,2008,0,0,1.0,0.0,1.0,1.0,0.0
TX,2009,0,0,1.0,0.0,0.0,0.0,1.0
TX,2010,0,25241648,0.0,0.0,0.0,0.0,0.0
TX,2011,0,25644424,3.0,1.0,10.0,11.0,2.0
TX,2012,F,26078327,3.0,1.0,1.0,2.0,3.0
TX,2013,F,26479279,2.0,2.0,0.0,2.0,2.0
TX,2014,F,26954436,0.0,0.0,0.0,0.0,0.0
TX,2015,F,27454880,8.0,4.0,1.0,5.0,5.0
TX,2016,F,27904862,4.0,1.0,6.0,7.0,2.0
TX,2017,F,28304596,3.0,1.0,2.0,3.0,3.0
TX,2018,F,"28,701,845",6.0,12.0,16.0,28.0,2.0
TX,2019,0,0,1.0,0.0,1.0,1.0,0.0
UT,1970,0,0,1.0,0.0,2.0,2.0,1.0
UT,1988,0,0,1.0,0.0,1.0,1.0,0.0
UT,1989,0,0,1.0,0.0,0.0,0.0,0.0
UT,1996,0,0,1.0,1.0,1.0,2.0,1.0
UT,2001,0,0,1.0,1.0,0.0,1.0,1.0
UT,2004,0,0,1.0,2.0,0.0,2.0,1.0
UT,2008,0,0,1.0,1.0,0.0,1.0,1.0
UT,2010,0,2775260,0.0,0.0,0.0,0.0,0.0
UT,2011,0,2815430,0.0,0.0,0.0,0.0,0.0
UT,2012,F,2854222,0.0,0.0,0.0,0.0,0.0
UT,2013,F,2899961,0.0,0.0,0.0,0.0,0.0
UT,2014,F,2938671,2.0,0.0,2.0,2.0,2.0
UT,2015,F,2984917,0.0,0.0,0.0,0.0,0.0
UT,2016,F,3044321,2.0,0.0,1.0,1.0,2.0
UT,2017,F,3101833,1.0,1.0,1.0,2.0,0.0
UT,2018,D-,"3,161,105",0.0,0.0,0.0,0.0,0.0
VA,1971,0,0,1.0,1.0,2.0,3.0,1.0
VA,1973,0,0,1.0,1.0,1.0,2.0,1.0
VA,1975,0,0,1.0,0.0,1.0,1.0,1.0
VA,1980,0,0,2.0,2.0,1.0,3.0,2.0
VA,1982,0,0,1.0,0.0,0.0,0.0,0.0
VA,1985,0,0,1.0,0.0,1.0,1.0,1.0
VA,1988,0,0,1.0,1.0,1.0,2.0,0.0
VA,1992,0,0,1.0,1.0,1.0,2.0,0.0
VA,1995,0,0,1.0,0.0,4.0,4.0,1.0
VA,1998,0,0,2.0,1.0,2.0,3.0,2.0
VA,2006,0,0,1.0,0.0,0.0,0.0,0.0
VA,2009,0,0,1.0,0.0,0.0,0.0,1.0
VA,2010,0,8025206,1.0,0.0,0.0,0.0,1.0
VA,2011,0,8107548,0.0,0.0,0.0,0.0,0.0
VA,2012,D,8188656,0.0,0.0,0.0,0.0,0.0
VA,2013,D,8261689,0.0,0.0,0.0,0.0,0.0
VA,2014,D,8316902,1.0,2.0,1.0,3.0,0.0
VA,2015,D,8366767,0.0,0.0,0.0,0.0,0.0
VA,2016,D,8414380,0.0,0.0,0.0,0.0,0.0
VA,2017,D,8470020,1.0,1.0,0.0,1.0,1.0
VA,2018,D,"8,517,685",4.0,0.0,3.0,3.0,3.0
VT,2006,0,0,1.0,1.0,1.0,2.0,0.0
VT,2010,0,625842,0.0,0.0,0.0,0.0,0.0
VT,2011,0,626210,0.0,0.0,0.0,0.0,0.0
VT,2012,F,625606,0.0,0.0,0.0,0.0,0.0
VT,2013,F,626044,0.0,0.0,0.0,0.0,0.0
VT,2014,F,625665,0.0,0.0,0.0,0.0,0.0
VT,2015,F,624455,0.0,0.0,0.0,0.0,0.0
VT,2016,F,623354,0.0,0.0,0.0,0.0,0.0
VT,2017,F,623657,0.0,0.0,0.0,0.0,0.0
VT,2018,D+,"626,299",1.0,1.0,0.0,1.0,0.0
WA,1985,0,0,1.0,3.0,0.0,3.0,1.0
WA,1993,0,0,2.0,2.0,0.0,2.0,2.0
WA,1994,0,0,3.0,3.0,1.0,4.0,2.0
WA,1995,0,0,1.0,0.0,2.0,2.0,0.0
WA,1996,0,0,1.0,3.0,1.0,4.0,0.0
WA,1998,0,0,1.0,1.0,0.0,1.0,1.0
WA,2000,0,0,1.0,0.0,0.0,0.0,1.0
WA,2001,0,0,2.0,0.0,0.0,0.0,2.0
WA,2002,0,0,1.0,1.0,2.0,3.0,0.0
WA,2003,0,0,1.0,0.0,1.0,1.0,1.0
WA,2004,0,0,2.0,2.0,0.0,2.0,2.0
WA,2007,0,0,1.0,1.0,0.0,1.0,1.0
WA,2008,0,0,2.0,1.0,0.0,1.0,2.0
WA,2010,0,6741386,1.0,1.0,0.0,1.0,1.0
WA,2011,0,6819155,1.0,0.0,1.0,1.0,0.0
WA,2012,C,6890899,1.0,0.0,1.0,1.0,1.0
WA,2013,C,6963410,0.0,0.0,0.0,0.0,0.0
WA,2014,B-,7046931,2.0,5.0,2.0,7.0,0.0
WA,2015,B-,7152818,1.0,0.0,0.0,0.0,1.0
WA,2016,B,7280934,0.0,0.0,0.0,0.0,0.0
WA,2017,B,7405743,2.0,1.0,3.0,4.0,1.0
WA,2018,B+,"7,535,591",5.0,1.0,1.0,2.0,3.0
WI,1970,0,0,1.0,1.0,0.0,1.0,1.0
WI,1979,0,0,1.0,0.0,1.0,1.0,1.0
WI,1988,0,0,1.0,0.0,1.0,1.0,1.0
WI,1993,0,0,1.0,1.0,0.0,1.0,0.0
WI,1998,0,0,2.0,0.0,1.0,1.0,1.0
WI,2006,0,0,2.0,1.0,1.0,2.0,1.0
WI,2009,0,0,1.0,1.0,0.0,1.0,1.0
WI,2010,0,5690403,1.0,1.0,0.0,1.0,1.0
WI,2011,0,5705812,0.0,0.0,0.0,0.0,0.0
WI,2012,C-,5721075,0.0,0.0,0.0,0.0,0.0
WI,2013,C-,5736673,0.0,0.0,0.0,0.0,0.0
WI,2014,C-,5751272,1.0,1.0,0.0,1.0,0.0
WI,2015,D,5759744,1.0,0.0,3.0,3.0,0.0
WI,2016,C-,5772917,1.0,1.0,2.0,3.0,1.0
WI,2017,C-,5795483,1.0,0.0,1.0,1.0,0.0
WI,2018,C-,"5,813,568",0.0,0.0,0.0,0.0,0.0
WV,1978,0,0,1.0,1.0,0.0,1.0,1.0
WV,1999,0,0,1.0,2.0,0.0,2.0,0.0
WV,2010,0,1854315,0.0,0.0,0.0,0.0,0.0
WV,2011,0,1854891,0.0,0.0,0.0,0.0,0.0
WV,2012,F,1855360,0.0,0.0,0.0,0.0,0.0
WV,2013,F,1852333,0.0,0.0,0.0,0.0,0.0
WV,2014,F,1847624,0.0,0.0,0.0,0.0,0.0
WV,2015,D-,1839767,0.0,0.0,0.0,0.0,0.0
WV,2016,F,1828637,0.0,0.0,0.0,0.0,0.0
WV,2017,F,1815857,0.0,0.0,0.0,0.0,0.0
WV,2018,F,"1,805,832",1.0,0.0,0.0,0.0,1.0
WY,1986,0,0,1.0,2.0,74.0,76.0,0.0
WY,1993,0,0,1.0,1.0,4.0,5.0,0.0
WY,2010,0,564376,0.0,0.0,0.0,0.0,0.0
WY,2011,0,567602,0.0,0.0,0.0,0.0,0.0
WY,2012,F,576608,0.0,0.0,0.0,0.0,0.0
WY,2013,F,582341,0.0,0.0,0.0,0.0,0.0
WY,2014,F,583334,0.0,0.0,0.0,0.0,0.0
WY,2015,F,586102,0.0,0.0,0.0,0.0,0.0
WY,2016,F,584910,0.0,0.0,0.0,0.0,0.0
WY,2017,F,579315,0.0,0.0,0.0,0.0,0.0
WY,2018,F,"577,737",0.0,0.0,0.0,0.0,0.0
